ID,ACTIVE,NAME,DESCRIPTION,SHORT_DESCRIPTION,META_TITLE,META_KEYWORDS,META_DESCRIPTION,IMAGE_URL
1,1,Shine Inline,,,,,,
2,1,Craftenwood,,,,,,
3,1,Bravissima Kitchen,,,,,,
4,1,Loom in Bloom,,,,,,
5,1,Homania,,,,,,
976,1,(BEAT)NIE,,,,,,
977,1,123 Fold,,,,,,
978,1,2C Bracelet,,,,,,
979,1,30 Shoes Rack,,,,,,
980,1,360 Hanger,,,,,,
981,1,360 Sweep,,,,,,
982,1,5cm in 1sec,,,,,,
983,1,6xBench,,,,,,
984,1,8x Gym,,,,,,
985,1,Abdo Belt,,,,,,
986,1,Abdo Crunch,,,,,,
987,1,Abdo ENRG,,,,,,
988,1,Abdo King,,,,,,
989,1,Abdo Loop,,,,,,
990,1,ABDO Trainer,,,,,,
991,1,ABDS Roller,,,,,,
992,1,AcupressMat,,,,,,
993,1,Adore Better Living,,,,,,
994,1,Air Tone,,,,,,
995,1,Air Wing Bra,,,,,,
996,1,All in 1 Purse,,,,,,
997,1,All in 1 Wallet,,,,,,
998,1,Always Fresh Kitchen,,,,,,
999,1,Angry Birds,,,,,,
1000,1,Aqua Loon,,,,,,
1001,1,Atopoir Noir,,,,,,
1002,1,AudioSonic,,,,,,
1003,1,The Avengers,,,,,,
1004,1,B Party Experience,,,,,,
1005,1,Baby Line,,,,,,
1006,1,BandLed,,,,,,
1007,1,Banknote Check,,,,,,
1008,1,Batman vs Superman,,,,,,
1009,1,BBQ Classics,,,,,,
1010,1,BBQ Master Tools,,,,,,
1011,1,BBQ Quick,,,,,,
1012,1,Beauty Nail Set,,,,,,
1013,1,Bijou Tattou,,,,,,
1014,1,Blue Stone Pan,,,,,,
1015,1,Body Fit Bra,,,,,,
1016,1,Body Fitball,,,,,,
1017,1,Body Rocker,,,,,,
1018,1,Body Twist Board,,,,,,
1019,1,Body10,,,,,,
1020,1,Boost Board,,,,,,
1021,1,Bright Look,,,,,,
1022,1,BW LED,,,,,,
1023,1,Cammug,,,,,,
1024,1,Campart Travel,,,,,,
1025,1,Canestrong,,,,,,
1026,1,Cardio Twister!,,,,,,
1027,1,Cars,,,,,,
1028,1,Cascade Bathing,,,,,,
1029,1,Catch & Go,,,,,,
1030,1,Cellu Tone,,,,,,
1031,1,Cellulles Force,,,,,,
1032,1,Ceramic Chef Pan,,,,,,
1033,1,Chef Master Kitchen,,,,,,
1034,1,Chill Beer Ball,,,,,,
1035,1,Clean & Safe Mat,,,,,,
1036,1,Coca-Cola,,,,,,
1037,1,Comfort Bra,,,,,,
1038,1,Comfy Dryer,,,,,,
1039,1,Comfy Feet,,,,,,
1040,1,Comfy Towel,,,,,,
1041,1,Compak Bag,,,,,,
1042,1,Compak Tailor,,,,,,
1043,1,Cook Bottle,,,,,,
1044,1,Cook d'Lux,,,,,,
1045,1,Cool to Go!,,,,,,
1046,1,Cool Toes Refresh,,,,,,
1047,1,Couch Air,,,,,,
1048,1,Crochet Bra,,,,,,
1049,1,CuboQ,,,,,,
1050,1,Curly Veggies,,,,,,
1051,1,Cushion Fusion,,,,,,
1052,1,CushiPad,,,,,,
1053,1,Delizius Deluxe,,,,,,
1054,1,Depil Pads,,,,,,
1055,1,Depil Spring,,,,,,
1056,1,Dish Scrubb,,,,,,
1057,1,Divine Hair Magic,,,,,,
1058,1,Domobot,,,,,,
1059,1,Door Rack,,,,,,
1060,1,Dora The Explorer,,,,,,
1061,1,Dr Gem,,,,,,
1062,1,Dr Gem Soles,,,,,,
1063,1,Dry Balloon,,,,,,
1064,1,Easy Paint Gun,,,,,,
1065,1,Eco Class Heaters,,,,,,
1066,1,Eco Led Shower,,,,,,
1067,1,Eco Solem,,,,,,
1068,1,Elec EQ,,,,,,
1069,1,Electric Food Slicer,,,,,,
1070,1,Electrical Heating Blanket,,,,,,
1071,1,EmotiCandle,,,,,,
1072,1,Engrave Marker,,,,,,
1073,1,Érotique Ô,,,,,,
1074,1,Essence,,,,,,
1075,1,eWarm Pads,,,,,,
1076,1,Fashion Sports Bra,,,,,,
1077,1,Fast & Easy Cooker,,,,,,
1078,1,Fatnetizer,,,,,,
1079,1,Finding Nemo,,,,,,
1080,1,FireFriend,,,,,,
1081,1,Fitjeggings,,,,,,
1082,1,Fit x Slim,,,,,,
1083,1,Fix Lid,,,,,,
1084,1,Fizzaver,,,,,,
1085,1,Fluffy Massager,,,,,,
1086,1,Folding Stool,,,,,,
1087,1,Foldy Table,,,,,,
1088,1,Fresh Cushion,,,,,,
1089,1,Frozen,,,,,,
1090,1,Fuel Power Assistant,,,,,,
1091,1,Fuel Up!,,,,,,
1092,1,Full Moon,,,,,,
1093,1,FunFan,,,,,,
1094,1,Furn Force,,,,,,
1095,1,Glow Pillow,,,,,,
1096,1,Glowies,,,,,,
1097,1,Glutap,,,,,,
1098,1,GoFit,,,,,,
1099,1,Grip +,,,,,,
1100,1,Gym Energy Duo,,,,,,
1101,1,Handy Chair,,,,,,
1102,1,Handy Steamer,,,,,,
1103,1,Heart of Knifes,,,,,,
1104,1,Hello Kitty,,,,,,
1105,1,Hide My Strap,,,,,,
1106,1,Hidralyne,,,,,,
1107,1,Home Nail Salon,,,,,,
1108,1,Hulk,,,,,,
1109,1,Hyundai,,,,,,
1110,1,Icy Joy,,,,,,
1111,1,Inkil,,,,,,
1112,1,Intex,,,,,,
1113,1,Jewel Bedding,,,,,,
1114,1,Just Slim Belt,,,,,,
1115,1,Just Up Gym,,,,,,
1116,1,Keychain,,,,,,
1117,1,KidScoot Snowboard,,,,,,
1118,1,KomoBot,,,,,,
1119,1,Kong Mop,,,,,,
1120,1,Laptray Pro,,,,,,
1121,1,Lift & Shake,,,,,,
1122,1,Lightweez,,,,,,
1123,1,Like Magic Cleaner,,,,,,
1124,1,Lock Stock Spin,,,,,,
1125,1,Looney Tunes,,,,,,
1126,1,Magic Ballerinas,,,,,,
1127,1,Magic Curls,,,,,,
1128,1,Magma Lamp,,,,,,
1129,1,Magneto Band,,,,,,
1130,1,Magneto Mesh,,,,,,
1131,1,Mamzelle Ô,,,,,,
1132,1,MegaLed,,,,,,
1133,1,Mickey Mouse,,,,,,
1134,1,Micro Sharp Trim,,,,,,
1135,1,Minions,,,,,,
1136,1,Minnie Mouse,,,,,,
1137,1,Mosquito Aid Kit,,,,,,
1138,1,Mr Mist,,,,,,
1139,1,Muscles Up!,,,,,,
1140,1,My Pet Ez,,,,,,
1141,1,MyWigo,,,,,,
1142,1,NeverFall Pad,,,,,,
1143,1,NIP+FAB,,,,,,
1144,1,OkKey,,,,,,
1145,1,Olaf,,,,,,
1146,1,One Touch Bullet,,,,,,
1147,1,Only H2O,,,,,,
1148,1,Paint Roller,,,,,,
1149,1,Partner Adventures,,,,,,
1150,1,Party Fun Tain,,,,,,
1151,1,Peepezy,,,,,,
1152,1,Perfect Nail Clipper,,,,,,
1153,1,Pest eProtect,,,,,,
1154,1,Playz Kidz,,,,,,
1155,1,Pocken,,,,,,
1156,1,Posture Armor,,,,,,
1157,1,Powe Xtra Juice,,,,,,
1158,1,Power Clean Ball,,,,,,
1159,1,Power Eco Shower,,,,,,
1160,1,Presence Light,,,,,,
1161,1,Presto!,,,,,,
1162,1,Pretty U,,,,,,
1163,1,Princess,,,,,,
1164,1,Princesses Disney,,,,,,
1165,1,Proteye X,,,,,,
1166,1,Punching Tower,,,,,,
1167,1,Push Up Duo,,,,,,
1168,1,PWR Motor,,,,,,
1169,1,PWR Work,,,,,,
1170,1,Rain & Sauna Suit,,,,,,
1171,1,Relax Cushion,,,,,,
1172,1,Relax Slippers,,,,,,
1173,1,Rest & Vision,,,,,,
1174,1,Rhythm Gym Trainer,,,,,,
1175,1,Ricky Drink,,,,,,
1176,1,Rover Droid,,,,,,
1177,1,Rumbot,,,,,,
1178,1,Save Space Hanger,,,,,,
1179,1,Sbelt Bra,,,,,,
1180,1,Sbelt Neck Slimmer,,,,,,
1181,1,Sbelta Plus,,,,,,
1182,1,Scarf & Glove,,,,,,
1183,1,Scarf & Shawl Hanger,,,,,,
1184,1,Scratch Wizard,,,,,,
1185,1,Seal Matik,,,,,,
1186,1,Securit Cam,,,,,,
1187,1,Securitcam,,,,,,
1188,1,Shaka Phone,,,,,,
1189,1,Shar X,,,,,,
1190,1,Shar·X,,,,,,
1191,1,Shiny Hanger,,,,,,
1192,1,Sin Bra,,,,,,
1193,1,Sit Cool 3 en 1,,,,,,
1194,1,Sixfa,,,,,,
1195,1,Smart Coin Classifier,,,,,,
1196,1,Smart Safe Box,,,,,,
1197,1,Smart Safe Jar,,,,,,
1198,1,Smartwatch BT110,,,,,,
1199,1,Smoothie Xpress,,,,,,
1200,1,Snack Dipper,,,,,,
1201,1,Snap2U,,,,,,
1202,1,Snug Snug,,,,,,
1203,1,Soap Go,,,,,,
1204,1,Sock4Toes,,,,,,
1205,1,Sofabulous,,,,,,
1206,1,Sony,,,,,,
1207,1,Special Xpresso,,,,,,
1208,1,Spices Tree,,,,,,
1209,1,Spiderman,,,,,,
1210,1,Spin Tastic Mop,,,,,,
1211,1,Spin Trainer,,,,,,
1212,1,Star Wars,,,,,,
1213,1,Starly,,,,,,
1214,1,Step Trainer,,,,,,
1215,1,Sticker Lamp,,,,,,
1216,1,Sticky Clean Rollers,,,,,,
1217,1,Stone Relax,,,,,,
1218,1,Stop Spill,,,,,,
1219,1,StrapNix Bra,,,,,,
1220,1,Sudatone,,,,,,
1222,1,Summum Sommelier,,,,,,
1223,1,Sun Electric Heater,,,,,,
1224,1,Sun Uva,,,,,,
1225,1,Sushi Matik,,,,,,
1226,1,Sweet & Pop Times,,,,,,
1227,1,Sweet & Salt Ball,,,,,,
1228,1,Swiss Q,,,,,,
1229,1,TakeTokio,,,,,,
1230,1,Tantric Divan,,,,,,
1231,1,Tap It Tap,,,,,,
1232,1,Tasty American,,,,,,
1233,1,The Cubice,,,,,,
1234,1,The Paw Patrol,,,,,,
1235,1,The Simpsons,,,,,,
1236,1,The Smurfs,,,,,,
1237,1,Thermic Dynamics,,,,,,
1238,1,Thermic Insoles,,,,,,
1240,1,Thomson,,,,,,
1241,1,Thunder Baton,,,,,,
1242,1,Thunder Fitness,,,,,,
1243,1,Tiehard,,,,,,
1244,1,Top Can Cap,,,,,,
1245,1,TopCom,,,,,,
1246,1,Trendify Boots,,,,,,
1247,1,Tristar,,,,,,
1248,1,Twist & Take,,,,,,
1249,1,UBOT,,,,,,
1250,1,Under Bed Store,,,,,,
1251,1,Unfreeze Pad,,,,,,
1252,1,Vesta,,,,,,
1253,1,Vibro Relax,,,,,,
1254,1,Vintage Coconut,,,,,,
1255,1,Voluma,,,,,,
1256,1,VPower Pro,,,,,,
1257,1,VudúKnives,,,,,,
1258,1,Walk Genie,,,,,,
1259,1,WalLED,,,,,,
1260,1,Warm Hug Feet,,,,,,
1261,1,Water Blast Cleaner,,,,,,
1262,1,Water Bullet Cannon,,,,,,
1263,1,Water Proof Shield,,,,,,
1264,1,Winchill Server,,,,,,
1265,1,X6,,,,,,
1266,1,Xtra Battery,,,,,,
1267,1,XXL Hose,,,,,,
1268,1,XXL Ladder,,,,,,
1269,1,Yogu·Joy,,,,,,
1270,1,You You Bijou,,,,,,
1271,1,Yummy Pop,,,,,,
1272,1,Zap Nap,,,,,,
1273,1,Zen Spa,,,,,,
1274,1,Zoom Gym,,,,,,
1275,1,4711,,,,,,
1276,1,Abril Et Nature,,,,,,
1277,1,Acqua Di Parma,,,,,,
1278,1,Adidas,,,,,,
1279,1,Adolfo Dominguez,,,,,,
1280,1,Agatha Ruiz De La Prada,,,,,,
1281,1,Alaïa,,,,,,
1282,1,Alterna,,,,,,
1283,1,Alvarez Gomez,,,,,,
1284,1,Alyssa Ashley,,,,,,
1285,1,American Crew,,,,,,
1286,1,Angel Schlesser,,,,,,
1288,1,Antonio Banderas,,,,,,
1289,1,Aquolina,,,,,,
1290,1,Aramis,,,,,,
1291,1,Aramis Lab Series,,,,,,
1292,1,Armand Basi,,,,,,
1293,1,Armani,,,,,,
1294,1,Arnette,,,,,,
1295,1,Atkinsons,,,,,,
1296,1,Aveda,,,,,,
1297,1,Azzaro,,,,,,
1298,1,Babaria,,,,,,
1299,1,Babyliss,,,,,,
1300,1,Balenciaga,,,,,,
1301,1,Balmain,,,,,,
1302,1,Beyu,,,,,,
1303,1,Biotherm,,,,,,
1304,1,Boucheron,,,,,,
1305,1,Britney Spears,,,,,,
1306,1,Bruno Banani,,,,,,
1307,1,Burberry,,,,,,
1308,1,Bvlgari,,,,,,
1309,1,By Terry,,,,,,
1310,1,Cacharel,,,,,,
1311,1,Calvin Klein,,,,,,
1312,1,Carita,,,,,,
1313,1,Carolina Herrera,,,,,,
1314,1,Carrera,,,,,,
1315,1,Cartier,,,,,,
1316,1,Cartoon,,,,,,
1317,1,Cerruti,,,,,,
1318,1,Chanel,,,,,,
1319,1,Chanson D'Eau,,,,,,
1320,1,Chloe,,,,,,
1321,1,Chopard,,,,,,
1322,1,Clarins,,,,,,
1323,1,Clatronic,,,,,,
1324,1,Clinique,,,,,,
1325,1,Collistar,,,,,,
1326,1,Concept V Design,,,,,,
1327,1,Courreges,,,,,,
1328,1,Creed,,,,,,
1329,1,Crossmen,,,,,,
1330,1,Custo,,,,,,
1331,1,Davidoff,,,,,,
1332,1,Decleor,,,,,,
1333,1,Diesel,,,,,,
1334,1,Dior,,,,,,
1335,1,Dolce & Gabbana,,,,,,
1336,1,Don Algodon,,,,,,
1337,1,Donna Karan,,,,,,
1338,1,Dsquared2,,,,,,
1339,1,Ed Hardy,,,,,,
1340,1,El Charro,,,,,,
1341,1,Elie Saab,,,,,,
1342,1,Elizabeth Arden,,,,,,
1343,1,Emanuel Ungaro,,,,,,
1344,1,Emporio Armani,,,,,,
1345,1,Ermenegildo Zegna,,,,,,
1346,1,Escada,,,,,,
1347,1,Estee Lauder,,,,,,
1348,1,Eucerin,,,,,,
1349,1,Faberge,,,,,,
1350,1,Fendi,,,,,,
1351,1,Ferrari,,,,,,
1352,1,Floïd,,,,,,
1353,1,Fructis,,,,,,
1354,1,Garnier,,,,,,
1355,1,Geoffrey Beene,,,,,,
1356,1,Gewürztraminer,,,,,,
1357,1,Ghd,,,,,,
1358,1,Gianfranco Ferre,,,,,,
1359,1,Gillette,,,,,,
1360,1,Giorgio,,,,,,
1361,1,Givenchy,,,,,,
1362,1,Gres,,,,,,
1363,1,Gucci,,,,,,
1364,1,Guerlain,,,,,,
1365,1,Guy Laroche,,,,,,
1366,1,Helena Rubinstein,,,,,,
1368,1,Hermes,,,,,,
1369,1,Hugo Boss-boss,,,,,,
1370,1,Issey Miyake,,,,,,
1371,1,James Bond 007,,,,,,
1372,1,Jean Louis Scherrer,,,,,,
1373,1,Jean Paul Gaultier,,,,,,
1374,1,Jennifer Lopez,,,,,,
1375,1,Jesus Del Pozo,,,,,,
1376,1,Jil Sander,,,,,,
1377,1,Jimmy Choo,,,,,,
1378,1,John Richmond,,,,,,
1379,1,Joop,,,,,,
1380,1,Juicy Couture,,,,,,
1381,1,Justin Bieber,,,,,,
1382,1,Juvena,,,,,,
1383,1,Kaloo,,,,,,
1384,1,Kanebo,,,,,,
1385,1,Kenzo,,,,,,
1386,1,Kerastase,,,,,,
1387,1,L'Artisan Parfumeur,,,,,,
1388,1,L'Oreal Expert Professionnel,,,,,,
1389,1,L'Oreal Make Up,,,,,,
1390,1,La Mer,,,,,,
1391,1,La Perla,,,,,,
1392,1,La Prairie,,,,,,
1393,1,Lacoste,,,,,,
1394,1,Lady Gaga,,,,,,
1395,1,Lagerfeld,,,,,,
1396,1,Lancaster,,,,,,
1397,1,Lancome,,,,,,
1398,1,Lanvin,,,,,,
1399,1,Laura Biagiotti,,,,,,
1400,1,Loewe,,,,,,
1401,1,Lolita Lempicka,,,,,,
1402,1,L'occitane,,,,,,
1403,1,Macadamia,,,,,,
1404,1,Madonna,,,,,,
1405,1,Mandarina Duck,,,,,,
1406,1,Marc Jacobs,,,,,,
1407,1,Massimo Dutti,,,,,,
1408,1,Matrix,,,,,,
1409,1,Maybelline,,,,,,
1410,1,Micallef,,,,,,
1411,1,Michael Kors,,,,,,
1413,1,Montblanc,,,,,,
1414,1,Moroccanoil,,,,,,
1415,1,Moschino,,,,,,
1416,1,Narciso Rodriguez,,,,,,
1417,1,Natura Biss,,,,,,
1418,1,Nikki Beach,,,,,,
1419,1,Nikos,,,,,,
1420,1,Nina Ricci,,,,,,
1421,1,Noxzema,,,,,,
1422,1,Nuxe,,,,,,
1423,1,Oakley,,,,,,
1424,1,Old Spice,,,,,,
1425,1,One Direction,,,,,,
1426,1,Opi,,,,,,
1427,1,Orofluido,,,,,,
1428,1,Oscar De La Renta,,,,,,
1429,1,Pacha,,,,,,
1430,1,Paco Rabanne,,,,,,
1431,1,Paloma Picasso,,,,,,
1432,1,Pantene,,,,,,
1433,1,Parlux,,,,,,
1434,1,Paul Smith,,,,,,
1435,1,Penhaligon's,,,,,,
1436,1,Philip B,,,,,,
1437,1,Piz Buin,,,,,,
1438,1,Playboy,,,,,,
1439,1,Prada,,,,,,
1440,1,Puig,,,,,,
1441,1,Quorum,,,,,,
1442,1,Ralph Lauren,,,,,,
1443,1,Ramon Molvizar,,,,,,
1444,1,Ray-Ban,,,,,,
1445,1,Redken,,,,,,
1446,1,Revitalash,,,,,,
1447,1,Revlon,,,,,,
1448,1,Roberto Cavalli,,,,,,
1449,1,Rochas,,,,,,
1450,1,Roger & Gallet,,,,,,
1451,1,Salvatore Ferragamo,,,,,,
1452,1,Sarah Jessica Parker,,,,,,
1453,1,Schwarzkopf,,,,,,
1454,1,Sebastian,,,,,,
1455,1,Seibella Queratina,,,,,,
1456,1,Serge Lutens,,,,,,
1457,1,Shakira,,,,,,
1458,1,Shiseido,,,,,,
1459,1,Shu Uemura,,,,,,
1460,1,Shunga,,,,,,
1461,1,Sisley,,,,,,
1462,1,Sporting Brands,,,,,,
1463,1,Springfield,,,,,,
1464,1,Swarovski,,,,,,
1465,1,Tabac,,,,,,
1466,1,Tangle Teezer,,,,,,
1467,1,The Bluebeards Revenge,,,,,,
1468,1,Thierry Mugler,,,,,,
1469,1,Tigi,,,,,,
1470,1,Tom Ford,,,,,,
1471,1,Tommy Hilfiger,,,,,,
1472,1,Tous,,,,,,
1473,1,Travalo,,,,,,
1474,1,Trussardi,,,,,,
1475,1,Valentino,,,,,,
1476,1,Valmont,,,,,,
1477,1,Van Cleef,,,,,,
1478,1,Vanderbilt,,,,,,
1479,1,Verino,,,,,,
1480,1,Versace,,,,,,
1481,1,Victorio & Lucchino,,,,,,
1482,1,Viktor & Rolf,,,,,,
1483,1,Wella,,,,,,
1484,1,Yves Saint Laurent,,,,,,
1485,1,Zippo Fragrances,,,,,,
1487,1,Retro,,,,,,
1488,1,Soy Luna,,,,,,
1489,1,Batman,,,,,,
1490,1,Superman,,,,,,
1491,1,Ironman,,,,,,
1492,1,Capitán América,,,,,,
1493,1,Elektrainer,,,,,,
1494,1,BTK,,,,,,
1495,1,Handy Scale,,,,,,
1496,1,Ledoly,,,,,,
1497,1,Bestway,,,,,,
1501,1,Apolyne,,,,,,
1502,1,Appetitissime,,,,,,
1503,1,Bitblin,,,,,,
1504,1,Hasendad,,,,,,
1505,1,Omnidomo,,,,,,
1506,1,Welzenter,,,,,,
1507,1,Radiant,,,,,,
1508,1,Hûggot,,,,,,
1509,1,Acer,,,,,,
1510,1,Aerocool,,,,,,
1511,1,AMD,,,,,,
1512,1,APC,,,,,,
1513,1,Apple,,,,,,
1514,1,approx!,,,,,,
1515,1,ASRock,,,,,,
1516,1,Asus,,,,,,
1517,1,BenQ,,,,,,
1518,1,Brother,,,,,,
1519,1,Canon,,,,,,
1520,1,Cherry,,,,,,
1521,1,CoolBox,,,,,,
1522,1,Cooler Master,,,,,,
1523,1,D-Link,,,,,,
1524,1,Edimax,,,,,,
1525,1,Energy Sistem,,,,,,
1526,1,Engel,,,,,,
1527,1,Epson,,,,,,
1528,1,eyes to eyes,,,,,,
1529,1,Fujitsu,,,,,,
1530,1,Gigabyte,,,,,,
1531,1,HANNS G,,,,,,
1532,1,Hitachi,,,,,,
1533,1,Hewlett Packard,,,,,,
1534,1,iggual,,,,,,
1535,1,Intel,,,,,,
1536,1,Kaspersky,,,,,,
1537,1,Kingston,,,,,,
1538,1,Lenovo,,,,,,
1539,1,LG,,,,,,
1540,1,Lite-On,,,,,,
1541,1,Logitech,,,,,,
1542,1,Maxell,,,,,,
1543,1,McAfee,,,,,,
1544,1,Microsoft,,,,,,
1545,1,MSI,,,,,,
1546,1,NANOCABLE,,,,,,
1547,1,Netgear,,,,,,
1548,1,NEVIR,,,,,,
1549,1,NGS,,,,,,
1550,1,Panda,,,,,,
1551,1,Philips,,,,,,
1552,1,Plextor,,,,,,
1553,1,Red Cooler,,,,,,
1554,1,Sage SP,,,,,,
1555,1,Salicru,,,,,,
1556,1,Samsung,,,,,,
1557,1,SanDisk,,,,,,
1558,1,Seagate,,,,,,
1559,1,Tacens,,,,,,
1560,1,Tech Air,,,,,,
1561,1,THERMALTAKE,,,,,,
1562,1,TomTom,,,,,,
1563,1,TooQ,,,,,,
1564,1,Toshiba,,,,,,
1565,1,TP-Link,,,,,,
1566,1,Traulux,,,,,,
1567,1,UBIQUITI,,,,,,
1568,1,Verbatim,,,,,,
1569,1,Western Digital,,,,,,
1570,1,Zebra,,,,,,
1571,1,Honeywell,,,,,,
1572,1,POSIFLEX,,,,,,
1573,1,Omega,,,,,,
1574,1,Crucial,,,,,,
1575,1,WiFiSCAN,,,,,,
1576,1,3GO,,,,,,
1577,1,L-Link,,,,,,
1578,1,Mustek,,,,,,
1579,1,WIFISKY,,,,,,
1580,1,Detectalia,,,,,,
1581,1,PLATINET,,,,,,
1582,1,NOX,,,,,,
1583,1,B-Move,,,,,,
1584,1,RASPBERRY,,,,,,
1585,1,Ewent,,,,,,
1586,1,Eminent,,,,,,
1587,1,Hiditec,,,,,,
1588,1,Monolyth,,,,,,
1589,1,SPC,,,,,,
1590,1,SINOCAN,,,,,,
1591,1,Infortisa,,,,,,
1592,1,Hisense,,,,,,
1593,1,UNITECH,,,,,,
1594,1,NO PROBLEM,,,,,,
1595,1,Optoma,,,,,,
1596,1,TAMTAM,,,,,,
1597,1,WIKO MOBILE,,,,,,
1598,1,Bixolon,,,,,,
1599,1,KEEP OUT,,,,,,
1600,1,SPEEDBLACK,,,,,,
1601,1,DURACELL,,,,,,
1602,1,DELOCK,,,,,,
1603,1,AEG TELECOMUNICAÇOES,,,,,,
1604,1,Bit4id,,,,,,
1605,1,SteelSeries,,,,,,
1607,1,MIONIX,,,,,,
1608,1,WP,,,,,,
1609,1,Posiberica,,,,,,
1610,1,INTENSO,,,,,,
1611,1,BRIGMTON,,,,,,
1612,1,MEDIACOM,,,,,,
1613,1,Tomaleds,,,,,,
1614,1,GEMBIRD,,,,,,
1615,1,Billow,,,,,,
1616,1,Chenbro,,,,,,
1617,1,Fitbit,,,,,,
1618,1,Dell,,,,,,
1619,1,WifiFullRange,,,,,,
1620,1,Parrot,,,,,,
1621,1,SPORT-ELEC,,,,,,
1622,1,Prestigio,,,,,,
1623,1,Mikrotik,,,,,,
1624,1,TELEVES,,,,,,
1625,1,Cablexpert,,,,,,
1626,1,GIOTECK,,,,,,
1627,1,Workscreen,,,,,,
1628,1,CTOUCH,,,,,,
1629,1,Grandstream,,,,,,
1630,1,GARMIN,,,,,,
1631,1,NZXT,,,,,,
1632,1,Thrustmaster,,,,,,
1633,1,Hercules,,,,,,
1634,1,Synology,,,,,,
1635,1,Biwond,,,,,,
1636,1,Huawei,,,,,,
1637,1,OZONE,,,,,,
1638,1,INNJOO,,,,,,
1639,1,GaBOL,,,,,,
1640,1,10POS,,,,,,
1641,1,Daga,,,,,,
1642,1,DRIFT,,,,,,
1643,1,HPE,,,,,,
1644,1,Active Key,,,,,,
1646,1,BANG & OLUFSEN,,,,,,
1647,1,HARMAN KARDON,,,,,,
1648,1,NOOSY,,,,,,
1649,1,ONE,,,,,,
1650,1,FONESTAR,,,,,,
1651,1,ZyXEL,,,,,,
1652,1,H3C,,,,,,
1653,1,Qviart,,,,,,
1654,1,ZUK,,,,,,
1655,1,VTECH,,,,,,
1656,1,MAKEBLOCK,,,,,,
1657,1,MIDLAND,,,,,,
1658,1,Skullkiller,,,,,,
1660,1,Trolls,,,,,,
1661,1,Super Wings,,,,,,
1662,1,Aeg,,,,,,
1663,1,Agrado,,,,,,
1664,1,Agrocosmetic,,,,,,
1665,1,Agua Lavanda,,,,,,
1666,1,All Sins 18k,,,,,,
1667,1,Alqvimia,,,,,,
1668,1,Anian,,,,,,
1669,1,Anne Möller,,,,,,
1670,1,Artero,,,,,,
1671,1,Avena Kinesia,,,,,,
1672,1,Avene,,,,,,
1673,1,Axe,,,,,,
1674,1,Azalea,,,,,,
1675,1,Barbie,,,,,,
1676,1,Bella Aurora,,,,,,
1677,1,Beter,,,,,,
1678,1,Binaca,,,,,,
1679,1,Bioderma,,,,,,
1680,1,Byly,,,,,,
1681,1,Calber,,,,,,
1682,1,Clair Matin,,,,,,
1683,1,Clynol,,,,,,
1684,1,Comme Des Garçons,,,,,,
1685,1,Crazy Color,,,,,,
1686,1,Cygnetic,,,,,,
1687,1,Delial,,,,,,
1688,1,Devota & Lomba,,,,,,
1689,1,Dexeus,,,,,,
1690,1,Diadermine,,,,,,
1691,1,Disney,,,,,,
1692,1,Doctor Scholl,,,,,,
1693,1,Dove,,,,,,
1694,1,Dr. Rimpler,,,,,,
1695,1,Eau Jeune,,,,,,
1696,1,Ecran,,,,,,
1697,1,El Niño,,,,,,
1698,1,Eos,,,,,,
1699,1,Escentric Molecules,,,,,,
1700,1,Essie,,,,,,
1701,1,Eve Lom,,,,,,
1702,1,Fa,,,,,,
1703,1,Flashmob,,,,,,
1704,1,Fleur De Jour,,,,,,
1705,1,Geniol,,,,,,
1706,1,Hannibal Laguna,,,,,,
1707,1,Hansaplast,,,,,,
1708,1,Harmonize,,,,,,
1709,1,Heno De Pravia,,,,,,
1710,1,I.c.o.n.,,,,,,
1711,1,Id Italian,,,,,,
1712,1,Innoatek,,,,,,
1713,1,Instituto Español,,,,,,
1714,1,Invisibobble,,,,,,
1715,1,Isabelle Lancray,,,,,,
1716,1,Jacq's,,,,,,
1717,1,Jaguar,,,,,,
1718,1,Jean Patou,,,,,,
1719,1,Jeanne Piaubert,,,,,,
1720,1,Johnson's,,,,,,
1721,1,Joico,,,,,,
1722,1,Kemphor,,,,,,
1723,1,Kerzo,,,,,,
1724,1,La Phyto,,,,,,
1725,1,La Roche Posay,,,,,,
1726,1,La Toja,,,,,,
1727,1,Lactovit,,,,,,
1728,1,Le Petit Marseillais,,,,,,
1729,1,Lea,,,,,,
1730,1,Licor Del Polo,,,,,,
1731,1,Liposan,,,,,,
1732,1,Living Proof,,,,,,
1733,1,Llongueras,,,,,,
1734,1,Luxina,,,,,,
1735,1,L´occitane,,,,,,
1736,1,Magno,,,,,,
1737,1,Max Factor,,,,,,
1738,1,Mayfer,,,,,,
1739,1,Minnie repetida,,,,,,
1740,1,Montana,,,,,,
1741,1,Mum,,,,,,
1742,1,Natura Bissé,,,,,,
1743,1,Natural Honey,,,,,,
1744,1,Naturalium,,,,,,
1745,1,Nelia,,,,,,
1746,1,Nenuco,,,,,,
1747,1,Neutrogena,,,,,,
1748,1,Nivea,,,,,,
1749,1,Olay,,,,,,
1750,1,Orlane,,,,,,
1751,1,Palmolive,,,,,,
1752,1,Paul Mitchell,,,,,,
1753,1,Petit Cheri,,,,,,
1754,1,Pond's,,,,,,
1755,1,Pod,,,,,,
1756,1,Pop,,,,,,
1757,1,Postquam,,,,,,
1758,1,Pranarôm,,,,,,
1759,1,Rexona,,,,,,
1760,1,Roc,,,,,,
1761,1,Royale Ambree,,,,,,
1762,1,Ryelliss,,,,,,
1763,1,S3,,,,,,
1764,1,Salon Hits,,,,,,
1765,1,Salvador Dali,,,,,,
1766,1,Sanex,,,,,,
1767,1,Shock Waves,,,,,,
1768,1,Singers,,,,,,
1769,1,St.tropez,,,,,,
1770,1,Stendhal,,,,,,
1771,1,Suiskin,,,,,,
1772,1,The Color Institute,,,,,,
1773,1,The Color Workshop,,,,,,
1774,1,The Cosmetic Republic,,,,,,
1775,1,Timotei,,,,,,
1776,1,Trendy Hair,,,,,,
1777,1,Tresemme,,,,,,
1778,1,Vasenol,,,,,,
1779,1,Vichy,,,,,,
1780,1,Victoria's Secret,,,,,,
1781,1,Vida,,,,,,
1782,1,Vitesse,,,,,,
1783,1,Vous,,,,,,
1784,1,Williams,,,,,,
1785,1,Real Madrid C.F.,,,,,,
1786,1,F.C. Barcelona,,,,,,
1787,1,Bratz,,,,,,
1788,1,Wagon Trend,,,,,,
1789,1,Asics,,,,,,
1790,1,Bobroff,,,,,,
1791,1,Boomerang,,,,,,
1792,1,Breil,,,,,,
1793,1,Bulova,,,,,,
1794,1,Bultaco,,,,,,
1795,1,Calypso,,,,,,
1796,1,Camel Active,,,,,,
1797,1,Candino,,,,,,
1798,1,Caramelo,,,,,,
1799,1,Casio,,,,,,
1800,1,Certina,,,,,,
1801,1,Chronotech,,,,,,
1802,1,Chupa Chups,,,,,,
1803,1,Citizen,,,,,,
1804,1,Converse,,,,,,
1805,1,Cool,,,,,,
1806,1,Cp5,,,,,,
1807,1,Cristian Lay,,,,,,
1808,1,Cussi,,,,,,
1809,1,D&G,,,,,,
1810,1,DKNY,,,,,,
1811,1,Edox,,,,,,
1812,1,Esprit,,,,,,
1813,1,Festina,,,,,,
1814,1,Fila,,,,,,
1815,1,Fiorucci,,,,,,
1816,1,Folli Follie,,,,,,
1817,1,Fossil,,,,,,
1818,1,Guess,,,,,,
1819,1,Hip Hop,,,,,,
1820,1,Hugo Boss,,,,,,
1821,1,Ice,,,,,,
1822,1,Ike,,,,,,
1823,1,J. Springs,,,,,,
1824,1,Just Cavalli,,,,,,
1825,1,Kenneth Cole,,,,,,
1826,1,Kolber,,,,,,
1827,1,Kronos,,,,,,
1828,1,Lion,,,,,,
1829,1,Lorus,,,,,,
1830,1,Lotus,,,,,,
1831,1,Lui Ro,,,,,,
1832,1,Mandarina,,,,,,
1833,1,Marea,,,,,,
1834,1,Mg,,,,,,
1835,1,Minister,,,,,,
1836,1,Miss Sixty,,,,,,
1837,1,Momo,,,,,,
1838,1,Morellato,,,,,,
1839,1,Mx,,,,,,
1840,1,Mx Onda,,,,,,
1841,1,Nautica,,,,,,
1842,1,Nice,,,,,,
1843,1,Nike,,,,,,
1844,1,Officina del Tempo,,,,,,
1845,1,Ops,,,,,,
1846,1,Orient,,,,,,
1847,1,Paul Versan,,,,,,
1848,1,Pepe Jeans,,,,,,
1849,1,Pierre Cardin,,,,,,
1850,1,Police,,,,,,
1851,1,Polo,,,,,,
1852,1,Porsche,,,,,,
1853,1,Pulsar,,,,,,
1854,1,Puma,,,,,,
1855,1,Raymond Weil,,,,,,
1856,1,Rebecca,,,,,,
1857,1,Redline,,,,,,
1858,1,Replay,,,,,,
1859,1,Rocco Barocco,,,,,,
1860,1,Sandoz,,,,,,
1861,1,Sector,,,,,,
1862,1,Seiko,,,,,,
1863,1,Sneakers,,,,,,
1864,1,Söl,,,,,,
1865,1,Storm,,,,,,
1866,1,The One,,,,,,
1867,1,Thermidor,,,,,,
1868,1,Thomas Sabo,,,,,,
1869,1,Time Force,,,,,,
1870,1,Timex,,,,,,
1871,1,0,,,,,,
1872,1,Toy Watch,,,,,,
1873,1,Tw Steel,,,,,,
1874,1,U.S. Polo Assn.,,,,,,
1875,1,Universal,,,,,,
1876,1,Ussr Eagle,,,,,,
1877,1,V&L,,,,,,
1878,1,Viceroy,,,,,,
1879,1,Vip Time,,,,,,
1880,1,Vuarnet,,,,,,
1881,1,Watx & Colors,,,,,,
1882,1,Xernus,,,,,,
1883,1,Zenith,,,,,,
1884,1,Bikkembergs,,,,,,
1885,1,My Imenso,,,,,,
1886,1,Pedro Durán,,,,,,
1887,1,GC Watches,,,,,,
1888,1,Belkin,,,,,,
1889,1,Braun,,,,,,
1890,1,Electrolux,,,,,,
1891,1,Hannspree,,,,,,
1892,1,HP,,,,,,
1893,1,Kensington,,,,,,
1894,1,Krups,,,,,,
1895,1,Kyocera,,,,,,
1896,1,LaCie,,,,,,
1897,1,Mars Gaming,,,,,,
1898,1,Oral-B,,,,,,
1899,1,Ricoh,,,,,,
1900,1,Rowenta,,,,,,
1901,1,Saeco,,,,,,
1902,1,Tefal,,,,,,
1903,1,Vogel's,,,,,,
1904,1,Whirlpool Corporation,,,,,,
1905,1,Xerox,,,,,,
1939,1,DTI,,,,,,
1940,1,Vivanco,,,,,,
1941,1,VIVA,,,,,,
1942,1,Ruwido,,,,,,
1943,1,Saytes,,,,,,
1944,1,Soyntec,,,,,,
1945,1,Brimax,,,,,,
1946,1,Siemens AG,,,,,,
1947,1,Bose Corporation,,,,,,
1948,1,YAMAHA,,,,,,
1949,1,Zodiac,,,,,,
1950,1,Starblitz,,,,,,
1951,1,One For All,,,,,,
1952,1,Screenline,,,,,,
1953,1,TM,,,,,,
1954,1,MINIPH,,,,,,
1955,1,Mercury,,,,,,
1956,1,Leiker,,,,,,
1957,1,Sunstech,,,,,,
1958,1,Denon,,,,,,
1959,1,PEEKTON,,,,,,
1960,1,Panasonic Corp.,,,,,,
1961,1,Daewoo,,,,,,
1962,1,Tokai Gakki Company,,,,,,
1963,1,Bench,,,,,,
1964,1,ELBE,,,,,,
1965,1,Sennheiser,,,,,,
1966,1,JVC,,,,,,
1967,1,Moulinex,,,,,,
1968,1,JATA,,,,,,
1969,1,Hoover,,,,,,
1970,1,Taurus,,,,,,
1971,1,Sogo,,,,,,
1972,1,UFESA,,,,,,
1973,1,POLTI,,,,,,
1974,1,COMELEC,,,,,,
1975,1,BOSCH,,,,,,
1976,1,Beurer,,,,,,
1977,1,FAGOR,,,,,,
1978,1,Ariete,,,,,,
1979,1,A2E,,,,,,
1980,1,METRONIC,,,,,,
1981,1,SouthWing,,,,,,
1982,1,PENTAX,,,,,,
1983,1,INFORAD,,,,,,
1984,1,OLYMPUS,,,,,,
1985,1,IMAGINA,,,,,,
1986,1,QX MOBILE,,,,,,
1987,1,Nokia,,,,,,
1988,1,Movistar,,,,,,
1989,1,ACTIVA/MOVISTAR,,,,,,
1990,1,Plantronics,,,,,,
1991,1,Telecom,,,,,,
1992,1,Tricolor,,,,,,
1993,1,SONY-ERICSSON,,,,,,
1994,1,Gazelle,,,,,,
1995,1,EDC,,,,,,
1996,1,Happy Hands,,,,,,
1997,1,ZTE,,,,,,
1998,1,Energizer,,,,,,
1999,1,Motorola,,,,,,
2000,1,Bresser,,,,,,
2001,1,Km Accesorios,,,,,,
2002,1,Novatel,,,,,,
2003,1,Franklin,,,,,,
2004,1,Best Buy,,,,,,
2005,1,EMTEC,,,,,,
2006,1,Gisan,,,,,,
2007,1,Gigaset,,,,,,
2008,1,Denver Electronics,,,,,,
2009,1,Cirkuit Planet,,,,,,
2010,1,Archos,,,,,,
2011,1,Linksys,,,,,,
2012,1,Alcatel,,,,,,
2013,1,Woxter,,,,,,
2014,1,Ppyre,,,,,,
2015,1,VARIOS,,,,,,
2016,1,OXO,,,,,,
2017,1,MONSTER,,,,,,
2018,1,STAY MEDIA,,,,,,
2019,1,Vogels,,,,,,
2020,1,E-Vitta,,,,,,
2021,1,Blusens,,,,,,
2022,1,NUU Mobile,,,,,,
2023,1,ePure,,,,,,
2024,1,Hama Technics,,,,,,
2025,1,Altec Lansing,,,,,,
2026,1,PORT,,,,,,
2027,1,GBL,,,,,,
2028,1,Onkyo,,,,,,
2029,1,OQUENDO,,,,,,
2030,1,Gigatv,,,,,,
2031,1,De'Longhi,,,,,,
2032,1,Gavio,,,,,,
2033,1,Dyson,,,,,,
2034,1,LEOTEC,,,,,,
2035,1,Sonfer,,,,,,
2036,1,Lenco,,,,,,
2037,1,CJ IT,,,,,,
2038,1,Singer,,,,,,
2039,1,Kenwood,,,,,,
2040,1,TONER,,,,,,
2041,1,ENOX,,,,,,
2042,1,Dalkyo,,,,,,
2043,1,Creative Technology,,,,,,
2044,1,e-System,,,,,,
2045,1,LabTec,,,,,,
2046,1,Airis,,,,,,
2047,1,MIO,,,,,,
2048,1,NORTEK,,,,,,
2049,1,SMC,,,,,,
2050,1,Rainbow,,,,,,
2051,1,Sweex,,,,,,
2052,1,CISCO,,,,,,
2053,1,Trust,,,,,,
2054,1,MGE,,,,,,
2055,1,Olivetti,,,,,,
2056,1,Terratec,,,,,,
2057,1,Iomega,,,,,,
2058,1,PREMIUM,,,,,,
2059,1,NPG,,,,,,
2060,1,COLOUD,,,,,,
2061,1,TELEFUNKEN,,,,,,
2062,1,Indeed,,,,,,
2063,1,MásMóvil,,,,,,
2064,1,Innova,,,,,,
2065,1,Solac,,,,,,
2066,1,LAICA,,,,,,
2067,1,I-JOY,,,,,,
2068,1,KSIX,,,,,,
2069,1,Aura,,,,,,
2070,1,TenGO!,,,,,,
2071,1,NK,,,,,,
2072,1,GoPro,,,,,,
2073,1,TDK,,,,,,
2074,1,DICAPac,,,,,,
2075,1,Crena,,,,,,
2076,1,Roomba,,,,,,
2077,1,ANURA,,,,,,
2078,1,NIMO,,,,,,
2079,1,FLY,,,,,,
2080,1,DS COMPONENTES,,,,,,
2081,1,Avenzo,,,,,,
2082,1,Primux,,,,,,
2083,1,Marshall,,,,,,
2084,1,SJCAM,,,,,,
2085,1,FREAK-TEAM,,,,,,
2086,1,Cubot,,,,,,
2087,1,SpeedSound,,,,,,
2088,1,Smeg,,,,,,
2089,1,Boston,,,,,,
2090,1,Storex,,,,,,
2091,1,Packard Bell,,,,,,
2092,1,Talkcom,,,,,,
2093,1,Nilox,,,,,,
2094,1,Meizu,,,,,,
2095,1,MXONDA,,,,,,
2096,1,Polk,,,,,,
2097,1,BSL,,,,,,
2098,1,OKI,,,,,,
2099,1,Intek,,,,,,
2100,1,APPROX,,,,,,
2101,1,ORA,,,,,,
2102,1,Speedlink,,,,,,
2103,1,ICARUS,,,,,,
2106,1,Veet,,,,,,
2107,1,Mavala,,,,,,
2108,1,Cecomix,,,,,,
2109,1,Cecoclean,,,,,,
2110,1,Cecofit,,,,,,
2111,1,Mercedes Benz,,,,,,
2112,1,Aston Martin,,,,,,
2114,1,Audi,,,,,,
2115,1,BMW,,,,,,
2116,1,Ford,,,,,,
2117,1,Lamborghini,,,,,,
2118,1,Bentley,,,,,,
2119,1,Bugatti,,,,,,
2120,1,Hummer,,,,,,
2121,1,Chevrolet,,,,,,
2122,1,Moussel,,,,,,
2123,1,Luxana,,,,,,
2124,1,Kim Kardashian,,,,,,
2125,1,Nba,,,,,,
2126,1,Taylor Swift,,,,,,
2127,1,Mexx,,,,,,
2128,1,Brut,,,,,,
2129,1,Jacques Bogart,,,,,,
2130,1,Lalique,,,,,,
2132,1,Iceberg,,,,,,
2133,1,David & Victoria Beckham,,,,,,
2134,1,Imperio Lusso,,,,,,
2136,1,Posseidon,,,,,,
2137,1,Aire Sevilla,,,,,,
2138,1,Bustamante,,,,,,
2139,1,Mango,,,,,,
2141,1,Benetton,,,,,,
2143,1,Air-wick,,,,,,
2144,1,Ambi Pur,,,,,,
2145,1,Brise,,,,,,
2150,1,Herra,,,,,,
2155,1,Desigual,,,,,,
2156,1,Pull & Bear,,,,,,
2157,1,Nasomatto,,,,,,
2158,1,Urlic De Varens,,,,,,
2159,1,Agent Provocateur,,,,,,
2160,1,Marc Marquez,,,,,,
2162,1,Paula Echevarria,,,,,,
2163,1,Peppa Pig,,,,,,
2164,1,My Little Pony,,,,,,
2165,1,Gormiti,,,,,,
2166,1,Piolín,,,,,,
2168,1,Nancy Tops,,,,,,
2169,1,Generator Rex,,,,,,
2170,1,Tsum Tsum,,,,,,
2171,1,RF Elements,,,,,,
2172,1,Razer,,,,,,
2173,1,IQBoard,,,,,,
2174,1,ICES,,,,,,
2175,1,BeeWi,,,,,,
2176,1,iWown,,,,,,
2177,1,PentaFilm,,,,,,
2178,1,Antec,,,,,,
2179,1,In Phase,,,,,,
2180,1,Mini Cooper,,,,,,
2181,1,Spongebob,,,,,,
2182,1,G&BL,,,,,,
2183,1,Smartwares,,,,,,
2184,1,CandyLipz,,,,,,
2187,1,Novaem,,,,,,
2188,1,Moneual,,,,,,
2189,1,By AGV,,,,,,
2190,1,Pet Prior,,,,,,
2191,1,Nintendo,,,,,,
2192,1,Ardistel,,,,,,
2193,1,Kaos,,,,,,
2194,1,René Furterer,,,,,,
2195,1,Karicia,,,,,,
2196,1,Gold Tree Barcelona,,,,,,
2197,1,Eckō Unltd.,,,,,,
2198,1,Caffitaly System,,,,,,
2199,1,Fleck,,,,,,
2200,1,HJM,,,,,,
2201,1,Haverland,,,,,,
2202,1,Junkers,,,,,,
2203,1,Edesa,,,,,,
2204,1,Cointra,,,,,,
2205,1,Bartolini,,,,,,
2206,1,Ariston Thermo Group,,,,,,
2207,1,Teka,,,,,,
2208,1,Simat,,,,,,
2209,1,Daikin,,,,,,
2210,1,Mitsubishi Electric,,,,,,
2211,1,Grupo FM,,,,,,
2212,1,Daitsu,,,,,,
2213,1,Suzumi,,,,,,
2214,1,Saunier Duval,,,,,,
2215,1,M Confort,,,,,,
2216,1,S&P,,,,,,
2217,1,Obergozo,,,,,,
2218,1,Comfee,,,,,,
2219,1,Artica,,,,,,
2220,1,Decus,,,,,,
2221,1,Lauson,,,,,,
2222,1,Axil,,,,,,
2223,1,Sanyo,,,,,,
2224,1,Jusan,,,,,,
2225,1,Vicetronic,,,,,,
2226,1,J.A.D.,,,,,,
2227,1,DMtechnology,,,,,,
2228,1,Alyon,,,,,,
2229,1,Newatt,,,,,,
2230,1,Genius,,,,,,
2231,1,Konami Holding Corporation,,,,,,
2232,1,Zigor Corporación,,,,,,
2233,1,Haier,,,,,,
2234,1,Vaillant,,,,,,
2235,1,Belson,,,,,,
2236,1,i-gotU,,,,,,
2237,1,Tensai,,,,,,
2238,1,NewCook,,,,,,
2239,1,Thulos,,,,,,
2240,1,Magefesa,,,,,,
2241,1,Grundig,,,,,,
2242,1,Alfa,,,,,,
2243,1,Cata,,,,,,
2244,1,Mobiola,,,,,,
2245,1,MiniMoka,,,,,,
2246,1,Lodel,,,,,,
2247,1,Paeamer,,,,,,
2248,1,Sox,,,,,,
2249,1,Christmas Planet,,,,,,
2250,1,Th3 Party,,,,,,
2251,1,Romantic Items,,,,,,
2252,1,Adventure Goods,,,,,,
2253,1,Gadget and Gifts,,,,,,
2254,1,Oh My Home,,,,,,
2255,1,Sport Xpert,,,,,,
2256,1,Primizima,,,,,,
2257,1,Fashinalizer,,,,,,
2258,1,Junior Knows,,,,,,
